-- 1. 插入User表数据（30条）

INSERT INTO `users` (UserNo, UserName, UserPassword, UserPermissions, Email, Telephone) VALUES
('U001', '张三', 'zhangsan123', 'admin', 'zhangsan@lab.com', '13800000001'),
('U002', '李四', 'lisi4567', 'user', 'lisi@lab.com', '13800000002'),
('U003', '王五', 'wangwu890', 'user', 'wangwu@lab.com', '13800000003'),
('U004', '赵六', 'zhaoliu654', 'guest', 'zhaoliu@lab.com', '13800000004'),
('U005', '陈七', 'chenqi789', 'user', 'chenqi@lab.com', '13800000005'),
('U006', '刘八', 'liuba321', 'admin', 'liuba@lab.com', '13800000006'),
('U007', '孙九', 'sunjiu123', 'user', 'sunjiu@lab.com', '13800000007'),
('U008', '周十', 'zhoushi456', 'guest', 'zhoushi@lab.com', '13800000008'),
('U009', '吴十一', 'wusy789', 'user', 'wusy@lab.com', '13800000009'),
('U010', '郑十二', 'zhengse123', 'admin', 'zhengse@lab.com', '13800000010'),
('U011', '冯十三', 'fengss456', 'user', 'fengss@lab.com', '13800000011'),
('U012', '蒋十四', 'jiangss789', 'guest', 'jiangss@lab.com', '13800000012'),
('U013', '沈十五', 'shensw123', 'user', 'shensw@lab.com', '13800000013'),
('U014', '韩十六', 'hansl456', 'admin', 'hansl@lab.com', '13800000014'),
('U015', '杨十七', 'yangsq789', 'user', 'yangsq@lab.com', '13800000015'),
('U016', '朱十八', 'zhushb123', 'guest', 'zhushb@lab.com', '13800000016'),
('U017', '秦十九', 'qinsj456', 'user', 'qinsj@lab.com', '13800000017'),
('U018', '许二十', 'xues789', 'admin', 'xues@lab.com', '13800000018'),
('U019', '何廿一', 'henian123', 'user', 'henian@lab.com', '13800000019'),
('U020', '吕廿二', 'lvne456', 'guest', 'lvne@lab.com', '13800000020'),
('U021', '施廿三', 'shinn789', 'user', 'shinn@lab.com', '13800000021'),
('U022', '张廿四', 'zhangns123', 'admin', 'zhangns@lab.com', '13800000022'),
('U023', '孔廿五', 'kongnw456', 'user', 'kongnw@lab.com', '13800000023'),
('U024', '曹廿六', 'caonl789', 'guest', 'caonl@lab.com', '13800000024'),
('U025', '严廿七', 'yannq123', 'user', 'yannq@lab.com', '13800000025'),
('U026', '华廿八', 'huanb456', 'admin', 'huanb@lab.com', '13800000026'),
('U027', '金廿九', 'jinnj789', 'user', 'jinnj@lab.com', '13800000027'),
('U028', '魏三十', 'weiss123', 'guest', 'weiss@lab.com', '13800000028'),
('U029', '陶三一', 'taosy456', 'user', 'taosy@lab.com', '13800000029'),
('U030', '姜三二', 'jiangse789', 'admin', 'jiangse@lab.com', '13800000030');

-- 2. 插入Material表数据（30条）
INSERT INTO Material (MaterialCode, MaterialName) VALUES
('MAT001', '环氧树脂'), ('MAT002', '聚氨酯'), ('MAT003', '硅橡胶'), ('MAT004', '聚乙烯'),
('MAT005', '聚丙烯'), ('MAT006', '聚氯乙烯'), ('MAT007', '聚苯乙烯'), ('MAT008', '聚碳酸酯'),
('MAT009', '聚甲醛'), ('MAT010', '聚四氟乙烯'), ('MAT011', '尼龙66'), ('MAT012', 'ABS塑料'),
('MAT013', '聚酯树脂'), ('MAT014', '酚醛树脂'), ('MAT015', '聚酰亚胺'), ('MAT016', '聚醚醚酮'),
('MAT017', '聚乳酸'), ('MAT018', '聚氨酯泡沫'), ('MAT019', '聚苯硫醚'), ('MAT020', '聚偏氟乙烯'),
('MAT021', '聚己内酯'), ('MAT022', '聚丁二烯'), ('MAT023', '聚异戊二烯'), ('MAT024', '聚丙烯腈'),
('MAT025', '聚甲基丙烯酸甲酯'), ('MAT026', '聚对苯二甲酸乙二醇酯'), ('MAT027', '聚苯醚'),
('MAT028', '聚苯并咪唑'), ('MAT029', '聚苯砜'), ('MAT030', '尼龙6');

-- 3. 插入Device表数据（30条）
INSERT INTO Device (DeviceNo, DeviceName, DeviceUsage, DStartTime, DMT, DStopTime) VALUES
('DEV001', '恒温箱', '加热', '2023-01-01 08:00:00', '2023-06-01 12:00:00', NULL),
('DEV002', '搅拌机', '混合', '2023-02-01 09:00:00', '2023-07-01 14:00:00', NULL),
('DEV003', '离心机', '分离', '2023-03-01 10:00:00', '2023-08-01 10:00:00', '2023-12-01 18:00:00'),
('DEV004', '烘箱', '干燥', '2023-04-01 11:00:00', NULL, '2023-09-01 17:00:00'),
('DEV005', '粘度计', '测量', '2023-05-01 12:00:00', '2023-10-01 09:00:00', NULL),
('DEV006', 'pH计', '检测', '2023-06-01 13:00:00', '2023-11-01 08:00:00', NULL),
('DEV007', '天平', '称量', '2023-07-01 14:00:00', NULL, '2024-01-01 16:00:00'),
('DEV008', '分光光度计', '分析', '2023-08-01 15:00:00', '2024-02-01 14:00:00', NULL),
('DEV009', '超声波清洗机', '清洗', '2023-09-01 16:00:00', '2024-03-01 12:00:00', NULL),
('DEV010', '电导率仪', '检测', '2023-10-01 17:00:00', NULL, '2024-04-01 10:00:00'),
('DEV011', '旋转蒸发仪', '浓缩', '2023-11-01 18:00:00', '2024-05-01 09:00:00', NULL),
('DEV012', '马弗炉', '高温处理', '2023-12-01 19:00:00', NULL, '2024-06-01 08:00:00'),
('DEV013', '冻干机', '冷冻干燥', '2024-01-01 20:00:00', '2024-07-01 07:00:00', NULL),
('DEV014', '紫外可见分光光度计', '光谱分析', '2024-02-01 21:00:00', NULL, '2024-08-01 06:00:00'),
('DEV015', '气相色谱仪', '分离分析', '2024-03-01 22:00:00', '2024-09-01 05:00:00', NULL),
('DEV016', '液相色谱仪', '分离分析', '2024-04-01 23:00:00', NULL, '2024-10-01 04:00:00'),
('DEV017', '质谱仪', '成分分析', '2024-05-01 00:00:00', '2024-11-01 03:00:00', NULL),
('DEV018', '原子吸收光谱仪', '元素分析', '2024-06-01 01:00:00', NULL, '2024-12-01 02:00:00'),
('DEV019', '热重分析仪', '热分析', '2024-07-01 02:00:00', '2025-01-01 01:00:00', NULL),
('DEV020', '差示扫描量热仪', '热分析', '2024-08-01 03:00:00', NULL, '2025-02-01 00:00:00'),
('DEV021', '粒度分析仪', '粒径测量', '2024-09-01 04:00:00', '2025-03-01 23:00:00', NULL),
('DEV022', '流变仪', '流变测量', '2024-10-01 05:00:00', NULL, '2025-04-01 22:00:00'),
('DEV023', '显微镜', '显微观察', '2024-11-01 06:00:00', '2025-05-01 21:00:00', NULL),
('DEV024', '电泳仪', '电泳分析', '2024-12-01 07:00:00', NULL, '2025-06-01 20:00:00'),
('DEV025', 'PCR仪', '基因扩增', '2025-01-01 08:00:00', '2025-07-01 19:00:00', NULL),
('DEV026', '培养箱', '细胞培养', '2025-02-01 09:00:00', NULL, '2025-08-01 18:00:00'),
('DEV027', '灭菌锅', '灭菌', '2025-03-01 10:00:00', '2025-09-01 17:00:00', NULL),
('DEV028', '超净工作台', '无菌操作', '2025-04-01 11:00:00', NULL, '2025-10-01 16:00:00'),
('DEV029', '生物安全柜', '生物防护', '2025-05-01 12:00:00', '2025-11-01 15:00:00', NULL),
('DEV030', '光谱仪', '检测', '2023-03-30 10:00:00', NULL, '2023-09-30 18:00:00');

-- 4. 插入National_Standard表数据（30条）
INSERT INTO National_Standard (NSN, StandardName, Description, MaterialCode) VALUES
('GB/T 001', '环氧固化标准', '环氧树脂固化测试标准', 'MAT001'),
('GB/T 002', '聚氨酯粘度标准', '聚氨酯粘度检测标准', 'MAT002'),
('GB/T 003', '硅橡胶硬度标准', '硅橡胶硬度测定标准', 'MAT003'),
('GB/T 004', '聚乙烯密度标准', '聚乙烯密度测试方法', 'MAT004'),
('GB/T 005', '聚丙烯拉伸标准', '聚丙烯拉伸强度标准', 'MAT005'),
('GB/T 006', 'PVC热稳定性标准', '聚氯乙烯热稳定性测试', 'MAT006'),
('GB/T 007', 'PS透明度标准', '聚苯乙烯透明度检测', 'MAT007'),
('GB/T 008', 'PC耐冲击标准', '聚碳酸酯耐冲击测试', 'MAT008'),
('GB/T 009', 'POM耐磨标准', '聚甲醛耐磨性能标准', 'MAT009'),
('GB/T 010', 'PTFE摩擦系数标准', '聚四氟乙烯摩擦系数测定', 'MAT010'),
('GB/T 011', '尼龙66吸水率标准', '尼龙66吸水率测试方法', 'MAT011'),
('GB/T 012', 'ABS抗老化标准', 'ABS塑料抗老化测试', 'MAT012'),
('GB/T 013', '聚酯固化时间标准', '聚酯树脂固化时间测定', 'MAT013'),
('GB/T 014', '酚醛耐热标准', '酚醛树脂耐热性标准', 'MAT014'),
('GB/T 015', '聚酰亚胺介电标准', '聚酰亚胺介电性能测试', 'MAT015'),
('GB/T 016', 'PEEK生物相容性标准', '聚醚醚酮生物相容性检测', 'MAT016'),
('GB/T 017', 'PLA降解标准', '聚乳酸降解性能测试', 'MAT017'),
('GB/T 018', 'PU泡沫回弹标准', '聚氨酯泡沫回弹性标准', 'MAT018'),
('GB/T 019', 'PPS耐腐蚀标准', '聚苯硫醚耐腐蚀性测试', 'MAT019'),
('GB/T 020', 'PVDF介电强度标准', '聚偏氟乙烯介电强度测定', 'MAT020'),
('GB/T 021', 'PCL结晶度标准', '聚己内酯结晶度测试', 'MAT021'),
('GB/T 022', 'PB弹性标准', '聚丁二烯弹性性能标准', 'MAT022'),
('GB/T 023', 'PIP柔韧性标准', '聚异戊二烯柔韧性测试', 'MAT023'),
('GB/T 024', 'PAN纤维强度标准', '聚丙烯腈纤维强度测定', 'MAT024'),
('GB/T 025', 'PMMA透光率标准', '聚甲基丙烯酸甲酯透光率测试', 'MAT025'),
('GB/T 026', 'PET阻隔性标准', '聚对苯二甲酸乙二醇酯阻隔性检测', 'MAT026'),
('GB/T 027', 'PPO耐化学性标准', '聚苯醚耐化学性测试', 'MAT027'),
('GB/T 028', 'PBI耐高温标准', '聚苯并咪唑耐高温性能标准', 'MAT028'),
('GB/T 029', 'PPSU抗冲击标准', '聚苯砜抗冲击性能测试', 'MAT029'),
('GB/T 030', '尼龙6拉伸强度标准', '尼龙6拉伸强度测定方法', 'MAT030');

-- 5. 插入Protocol表数据（30条）
INSERT INTO Protocol (ProtocolNo, NSN, SHT, SMS, MixingAngle, MixingRadius, MeasurementInterval, MaterialCode, UserNo) VALUES
('P001', 'GB/T 001', 25.5, 50.0, 30.0, 10.0, 5.0, 'MAT001', 'U001'),
('P002', 'GB/T 002', 30.0, 45.0, 45.0, 15.0, 10.0, 'MAT002', 'U002'),
('P003', 'GB/T 003', 28.5, 55.0, 60.0, 12.0, 8.0, 'MAT003', 'U003'),
('P004', 'GB/T 004', 22.0, 40.0, 90.0, 8.0, 3.0, 'MAT004', 'U004'),
('P005', 'GB/T 005', 35.0, 60.0, 180.0, 20.0, 15.0, 'MAT005', 'U005'),
('P006', 'GB/T 006', 27.5, 48.0, 120.0, 18.0, 12.0, 'MAT006', 'U006'),
('P007', 'GB/T 007', 20.0, 35.0, 75.0, 5.0, 2.0, 'MAT007', 'U007'),
('P008', 'GB/T 008', 32.0, 52.0, 150.0, 25.0, 20.0, 'MAT008', 'U008'),
('P009', 'GB/T 009', 18.5, 42.0, 45.0, 7.0, 4.0, 'MAT009', 'U009'),
('P010', 'GB/T 010', 40.0, 65.0, 270.0, 30.0, 25.0, 'MAT010', 'U010'),
('P011', 'GB/T 011', 24.0, 47.0, 90.0, 9.0, 6.0, 'MAT011', 'U011'),
('P012', 'GB/T 012', 29.0, 53.0, 135.0, 22.0, 18.0, 'MAT012', 'U012'),
('P013', 'GB/T 013', 19.5, 38.0, 60.0, 6.0, 3.0, 'MAT013', 'U013'),
('P014', 'GB/T 014', 26.0, 49.0, 180.0, 15.0, 10.0, 'MAT014', 'U014'),
('P015', 'GB/T 015', 33.5, 58.0, 240.0, 28.0, 22.0, 'MAT015', 'U015'),
('P016', 'GB/T 016', 21.0, 43.0, 30.0, 4.0, 1.0, 'MAT016', 'U016'),
('P017', 'GB/T 017', 36.0, 62.0, 300.0, 35.0, 30.0, 'MAT017', 'U017'),
('P018', 'GB/T 018', 23.5, 46.0, 90.0, 10.0, 7.0, 'MAT018', 'U018'),
('P019', 'GB/T 019', 31.0, 54.0, 150.0, 20.0, 15.0, 'MAT019', 'U019'),
('P020', 'GB/T 020', 17.0, 37.0, 45.0, 5.0, 2.0, 'MAT020', 'U020'),
('P021', 'GB/T 021', 34.0, 59.0, 210.0, 25.0, 18.0, 'MAT021', 'U021'),
('P022', 'GB/T 022', 20.5, 41.0, 75.0, 8.0, 4.0, 'MAT022', 'U022'),
('P023', 'GB/T 023', 37.0, 63.0, 270.0, 32.0, 28.0, 'MAT023', 'U023'),
('P024', 'GB/T 024', 24.5, 48.0, 120.0, 12.0, 9.0, 'MAT024', 'U024'),
('P025', 'GB/T 025', 28.0, 51.0, 180.0, 18.0, 12.0, 'MAT025', 'U025'),
('P026', 'GB/T 026', 16.5, 36.0, 30.0, 3.0, 1.0, 'MAT026', 'U026'),
('P027', 'GB/T 027', 38.0, 64.0, 240.0, 30.0, 25.0, 'MAT027', 'U027'),
('P028', 'GB/T 028', 22.5, 44.0, 90.0, 7.0, 5.0, 'MAT028', 'U028'),
('P029', 'GB/T 029', 39.0, 66.0, 300.0, 40.0, 35.0, 'MAT029', 'U029'),
('P030', 'GB/T 030', 22.0, 48.5, 60.0, 20.0, 15.0, 'MAT030', 'U030');

-- 6. 插入Experiment表数据（30条）
INSERT INTO Experiment (ExperimentNO, MaterialCode, HeatError, MixError, StartTime, EndTime, ProtocolNo, UserNo) VALUES
('EXP001', 'MAT001', 0.5, 0.3, '09:00:00', '11:30:00', 'P001', 'U001'),
('EXP002', 'MAT002', 0.7, 0.2, '10:00:00', '12:45:00', 'P002', 'U002'),
('EXP003', 'MAT003', 0.4, 0.5, '08:30:00', '10:15:00', 'P003', 'U003'),
('EXP004', 'MAT004', 0.6, 0.4, '13:00:00', '15:20:00', 'P004', 'U004'),
('EXP005', 'MAT005', 0.3, 0.6, '14:30:00', '17:00:00', 'P005', 'U005'),
('EXP006', 'MAT006', 0.8, 0.1, '11:00:00', '13:10:00', 'P006', 'U006'),
('EXP007', 'MAT007', 0.2, 0.7, '16:00:00', '18:30:00', 'P007', 'U007'),
('EXP008', 'MAT008', 0.9, 0.2, '07:45:00', '09:50:00', 'P008', 'U008'),
('EXP009', 'MAT009', 0.5, 0.4, '10:30:00', '12:40:00', 'P009', 'U009'),
('EXP010', 'MAT010', 0.4, 0.3, '15:15:00', '17:25:00', 'P010', 'U010'),
('EXP011', 'MAT011', 0.7, 0.5, '08:00:00', '10:05:00', 'P011', 'U011'),
('EXP012', 'MAT012', 0.6, 0.6, '12:00:00', '14:15:00', 'P012', 'U012'),
('EXP013', 'MAT013', 0.3, 0.2, '09:45:00', '11:55:00', 'P013', 'U013'),
('EXP014', 'MAT014', 0.8, 0.4, '14:00:00', '16:10:00', 'P014', 'U014'),
('EXP015', 'MAT015', 0.5, 0.7, '10:20:00', '12:30:00', 'P015', 'U015'),
('EXP016', 'MAT016', 0.2, 0.1, '13:30:00', '15:40:00', 'P016', 'U016'),
('EXP017', 'MAT017', 0.9, 0.3, '16:45:00', '18:55:00', 'P017', 'U017'),
('EXP018', 'MAT018', 0.4, 0.5, '07:30:00', '09:35:00', 'P018', 'U018'),
('EXP019', 'MAT019', 0.6, 0.6, '11:10:00', '13:20:00', 'P019', 'U019'),
('EXP020', 'MAT020', 0.3, 0.4, '14:50:00', '16:55:00', 'P020', 'U020'),
('EXP021', 'MAT021', 0.7, 0.2, '08:15:00', '10:25:00', 'P021', 'U021'),
('EXP022', 'MAT022', 0.5, 0.3, '12:30:00', '14:35:00', 'P022', 'U022'),
('EXP023', 'MAT023', 0.8, 0.4, '15:00:00', '17:05:00', 'P023', 'U023'),
('EXP024', 'MAT024', 0.4, 0.5, '09:20:00', '11:25:00', 'P024', 'U024'),
('EXP025', 'MAT025', 0.6, 0.6, '13:40:00', '15:45:00', 'P025', 'U025'),
('EXP026', 'MAT026', 0.3, 0.7, '10:10:00', '12:15:00', 'P026', 'U026'),
('EXP027', 'MAT027', 0.9, 0.1, '16:20:00', '18:25:00', 'P027', 'U027'),
('EXP028', 'MAT028', 0.5, 0.2, '07:50:00', '09:55:00', 'P028', 'U028'),
('EXP029', 'MAT029', 0.7, 0.3, '11:30:00', '13:35:00', 'P029', 'U029'),
('EXP030', 'MAT030', 0.4, 0.6, '14:00:00', '16:15:00', 'P030', 'U030');

-- 7. 插入Modification表数据（30条）
INSERT INTO Modification (ModificationID, OperationType, OperationTime, UserNo, EntityType, EntityID, FieldName, OldValue, NewValue) VALUES
('MOD001', 'UPDATE', '10:30:00', 'U001', 'User', 'U001', 'Password', 'old123', 'zhangsan123'),
('MOD002', 'INSERT', '11:00:00', 'U002', 'Material', 'MAT002', 'Name', NULL, '聚氨酯'),
('MOD003', 'DELETE', '12:15:00', 'U003', 'Device', 'DEV003', 'Status', 'active', 'inactive'),
('MOD004', 'UPDATE', '13:45:00', 'U004', 'Protocol', 'P004', 'SHT', '20.0', '22.0'),
('MOD005', 'INSERT', '14:20:00', 'U005', 'Experiment', 'EXP005', 'HeatError', NULL, '0.3'),
('MOD006', 'DELETE', '15:10:00', 'U006', 'National_Standard', 'GB/T 006', 'Description', '旧描述', NULL),
('MOD007', 'UPDATE', '16:30:00', 'U007', 'User', 'U007', 'Email', 'old@lab.com', 'sunjiu@lab.com'),
('MOD008', 'INSERT', '09:25:00', 'U008', 'Device', 'DEV008', 'DeviceUsage', NULL, '分析'),
('MOD009', 'DELETE', '10:50:00', 'U009', 'Material', 'MAT009', 'Name', '旧名称', NULL),
('MOD010', 'UPDATE', '11:35:00', 'U010', 'Protocol', 'P010', 'MixingAngle', '250.0', '270.0'),
('MOD011', 'INSERT', '12:40:00', 'U011', 'Experiment', 'EXP011', 'MixError', NULL, '0.5'),
('MOD012', 'DELETE', '13:55:00', 'U012', 'Device', 'DEV012', 'DStopTime', '2024-06-01 08:00:00', NULL),
('MOD013', 'UPDATE', '14:10:00', 'U013', 'User', 'U013', 'Telephone', '13800000013', '13811111113'),
('MOD014', 'INSERT', '15:20:00', 'U014', 'Material', 'MAT014', 'Name', NULL, '酚醛树脂'),
('MOD015', 'DELETE', '16:45:00', 'U015', 'Protocol', 'P015', 'SMS', '55.0', NULL),
('MOD016', 'UPDATE', '08:05:00', 'U016', 'Experiment', 'EXP016', 'StartTime', '13:00:00', '13:30:00'),
('MOD017', 'INSERT', '09:15:00', 'U017', 'Device', 'DEV017', 'DeviceName', NULL, '质谱仪'),
('MOD018', 'DELETE', '10:25:00', 'U018', 'National_Standard', 'GB/T 018', 'StandardName', '旧标准名', NULL),
('MOD019', 'UPDATE', '11:50:00', 'U019', 'User', 'U019', 'Permissions', 'user', 'admin'),
('MOD020', 'INSERT', '12:55:00', 'U020', 'Material', 'MAT020', 'Name', NULL, '聚偏氟乙烯'),
('MOD021', 'DELETE', '13:30:00', 'U021', 'Protocol', 'P021', 'MixingRadius', '20.0', NULL),
('MOD022', 'UPDATE', '14:45:00', 'U022', 'Experiment', 'EXP022', 'EndTime', '14:00:00', '14:35:00'),
('MOD023', 'INSERT', '15:50:00', 'U023', 'Device', 'DEV023', 'DStartTime', NULL, '2024-11-01 06:00:00'),
('MOD024', 'DELETE', '16:05:00', 'U024', 'User', 'U024', 'Email', 'old@lab.com', NULL),
('MOD025', 'UPDATE', '08:20:00', 'U025', 'Material', 'MAT025', 'MaterialName', '旧名称', '聚甲基丙烯酸甲酯'),
('MOD026', 'INSERT', '09:35:00', 'U026', 'Protocol', 'P026', 'MeasurementInterval', NULL, '1.0'),
('MOD027', 'DELETE', '10:40:00', 'U027', 'Experiment', 'EXP027', 'ProtocolNo', 'P027', NULL),
('MOD028', 'UPDATE', '11:55:00', 'U028', 'Device', 'DEV028', 'DeviceUsage', '操作', '无菌操作'),
('MOD029', 'INSERT', '12:10:00', 'U029', 'National_Standard', 'GB/T 029', 'Description', NULL, '聚苯砜抗冲击性能测试'),
('MOD030', 'DELETE', '13:25:00', 'U030', 'User', 'U030', 'Permissions', 'guest', NULL);

-- 8. 插入Audit表数据（30条）
INSERT INTO Audit (AuditID, AuditTime, Comment, UserNo, ExperimentNo) VALUES
('AUD001', '2023-10-01 10:00', '实验数据合格', 'U001', 'EXP001'),
('AUD002', '2023-10-02 11:30', '温度偏差需调整', 'U002', 'EXP002'),
('AUD003', '2023-10-03 12:45', '混合时间不足', 'U003', 'EXP003'),
('AUD004', '2023-10-04 13:20', '设备校准通过', 'U004', 'EXP004'),
('AUD005', '2023-10-05 14:15', '材料用量正确', 'U005', 'EXP005'),
('AUD006', '2023-10-06 15:30', '需重复实验验证', 'U006', 'EXP006'),
('AUD007', '2023-10-07 16:45', '数据记录完整', 'U007', 'EXP007'),
('AUD008', '2023-10-08 09:10', '温度传感器异常', 'U008', 'EXP008'),
('AUD009', '2023-10-09 10:25', '实验步骤合规', 'U009', 'EXP009'),
('AUD010', '2023-10-10 11:40', '需补充安全措施', 'U010', 'EXP010'),
('AUD011', '2023-10-11 12:55', '结果符合预期', 'U011', 'EXP011'),
('AUD012', '2023-10-12 13:05', '设备维护记录缺失', 'U012', 'EXP012'),
('AUD013', '2023-10-13 14:20', '实验环境达标', 'U013', 'EXP013'),
('AUD014', '2023-10-14 15:35', '数据波动较大', 'U014', 'EXP014'),
('AUD015', '2023-10-15 16:50', '操作流程规范', 'U015', 'EXP015'),
('AUD016', '2023-10-16 08:15', '需更换试剂批次', 'U016', 'EXP016'),
('AUD017', '2023-10-17 09:30', '实验报告完整', 'U017', 'EXP017'),
('AUD018', '2023-10-18 10:45', '仪器响应延迟', 'U018', 'EXP018'),
('AUD019', '2023-10-19 11:00', '样品标识清晰', 'U019', 'EXP019'),
('AUD020', '2023-10-20 12:15', '需优化混合速度', 'U020', 'EXP020'),
('AUD021', '2023-10-21 13:30', '实验参数正确', 'U021', 'EXP021'),
('AUD022', '2023-10-22 14:45', '设备温度超标', 'U022', 'EXP022'),
('AUD023', '2023-10-23 15:00', '数据重复性良好', 'U023', 'EXP023'),
('AUD024', '2023-10-24 16:15', '需清理设备残留', 'U024', 'EXP024'),
('AUD025', '2023-10-25 08:30', '实验时间过长', 'U025', 'EXP025'),
('AUD026', '2023-10-26 09:45', '结果超出误差范围', 'U026', 'EXP026'),
('AUD027', '2023-10-27 10:00', '操作员培训合格', 'U027', 'EXP027'),
('AUD028', '2023-10-28 11:15', '设备日志完整', 'U028', 'EXP028'),
('AUD029', '2023-10-29 12:30', '需验证第三方数据', 'U029', 'EXP029'),
('AUD030', '2023-10-30 15:45', '最终审核通过', 'U030', 'EXP030');

-- 9. 插入ExpReport表数据（30条）
INSERT INTO ExpReport (ExperimentCode, ExperimentNO, ExperimentName, ExperimentalStatus) VALUES
('REP001', 'EXP001', '环氧固化测试', '已完成'),
('REP002', 'EXP002', '聚氨酯粘度测试', '进行中'),
('REP003', 'EXP003', '硅橡胶硬度测试', '已归档'),
('REP004', 'EXP004', '聚乙烯密度测试', '已完成'),
('REP005', 'EXP005', '聚丙烯拉伸测试', '进行中'),
('REP006', 'EXP006', 'PVC热稳定性测试', '已终止'),
('REP007', 'EXP007', 'PS透明度测试', '已完成'),
('REP008', 'EXP008', 'PC耐冲击测试', '进行中'),
('REP009', 'EXP009', 'POM耐磨测试', '已归档'),
('REP010', 'EXP010', 'PTFE摩擦系数测试', '已完成'),
('REP011', 'EXP011', '尼龙66吸水率测试', '进行中'),
('REP012', 'EXP012', 'ABS抗老化测试', '已终止'),
('REP013', 'EXP013', '聚酯固化时间测试', '已完成'),
('REP014', 'EXP014', '酚醛耐热测试', '进行中'),
('REP015', 'EXP015', '聚酰亚胺介电测试', '已归档'),
('REP016', 'EXP016', 'PEEK生物相容性测试', '已完成'),
('REP017', 'EXP017', 'PLA降解测试', '进行中'),
('REP018', 'EXP018', 'PU泡沫回弹测试', '已终止'),
('REP019', 'EXP019', 'PPS耐腐蚀测试', '已完成'),
('REP020', 'EXP020', 'PVDF介电强度测试', '进行中'),
('REP021', 'EXP021', 'PCL结晶度测试', '已归档'),
('REP022', 'EXP022', 'PB弹性测试', '已完成'),
('REP023', 'EXP023', 'PIP柔韧性测试', '进行中'),
('REP024', 'EXP024', 'PAN纤维强度测试', '已终止'),
('REP025', 'EXP025', 'PMMA透光率测试', '已完成'),
('REP026', 'EXP026', 'PET阻隔性测试', '进行中'),
('REP027', 'EXP027', 'PPO耐化学性测试', '已归档'),
('REP028', 'EXP028', 'PBI耐高温测试', '已完成'),
('REP029', 'EXP029', 'PPSU抗冲击测试', '进行中'),
('REP030', 'EXP030', '尼龙6拉伸强度测试', '已归档');

-- 10. 插入HEC表数据（30条）
INSERT INTO HEC (HEC, ExperimentCode, Temperature, Time1, SafeArea) VALUES
('HEC001', 'REP001', 25.5, '09:30:00', 5.0),
('HEC002', 'REP002', 30.0, '10:15:00', 6.0),
('HEC003', 'REP003', 28.5, '08:45:00', 4.5),
('HEC004', 'REP004', 22.0, '13:30:00', 3.8),
('HEC005', 'REP005', 35.0, '15:00:00', 7.2),
('HEC006', 'REP006', 27.5, '11:30:00', 5.5),
('HEC007', 'REP007', 20.0, '16:30:00', 2.5),
('HEC008', 'REP008', 32.0, '08:15:00', 6.8),
('HEC009', 'REP009', 18.5, '11:00:00', 3.0),
('HEC010', 'REP010', 40.0, '15:45:00', 8.0),
('HEC011', 'REP011', 24.0, '08:30:00', 4.0),
('HEC012', 'REP012', 29.0, '12:45:00', 5.7),
('HEC013', 'REP013', 19.5, '10:15:00', 2.8),
('HEC014', 'REP014', 26.0, '14:30:00', 6.2),
('HEC015', 'REP015', 33.5, '11:00:00', 7.5),
('HEC016', 'REP016', 21.0, '14:00:00', 3.5),
('HEC017', 'REP017', 36.0, '17:15:00', 8.5),
('HEC018', 'REP018', 23.5, '08:00:00', 4.2),
('HEC019', 'REP019', 31.0, '11:40:00', 6.5),
('HEC020', 'REP020', 17.0, '15:20:00', 2.0),
('HEC021', 'REP021', 34.0, '08:45:00', 7.0),
('HEC022', 'REP022', 20.5, '13:00:00', 3.2),
('HEC023', 'REP023', 37.0, '15:30:00', 8.8),
('HEC024', 'REP024', 24.5, '09:50:00', 4.8),
('HEC025', 'REP025', 28.0, '14:15:00', 6.0),
('HEC026', 'REP026', 16.5, '10:40:00', 1.8),
('HEC027', 'REP027', 38.0, '16:50:00', 9.0),
('HEC028', 'REP028', 22.5, '08:25:00', 3.7),
('HEC029', 'REP029', 39.0, '12:00:00', 9.5),
('HEC030', 'REP030', 22.0, '15:00:00', 7.5);

-- 11. 插入MEC表数据（30条）
INSERT INTO MEC (MEC, ExperimentCode, HeightError, PlainError, ErrorArea, SpeedError, Time2) VALUES
('MEC001', 'REP001', 0.1, 0.05, 0.5, 0.02, '09:45:00'),
('MEC002', 'REP002', 0.2, 0.1, 0.6, 0.03, '10:30:00'),
('MEC003', 'REP003', 0.15, 0.08, 0.4, 0.01, '09:00:00'),
('MEC004', 'REP004', 0.3, 0.12, 0.7, 0.04, '14:00:00'),
('MEC005', 'REP005', 0.25, 0.15, 0.8, 0.05, '15:30:00'),
('MEC006', 'REP006', 0.18, 0.07, 0.55, 0.03, '12:00:00'),
('MEC007', 'REP007', 0.4, 0.2, 1.0, 0.08, '17:00:00'),
('MEC008', 'REP008', 0.12, 0.06, 0.45, 0.02, '08:30:00'),
('MEC009', 'REP009', 0.22, 0.09, 0.65, 0.04, '11:15:00'),
('MEC010', 'REP010', 0.35, 0.18, 0.9, 0.06, '16:10:00'),
('MEC011', 'REP011', 0.28, 0.11, 0.75, 0.05, '09:15:00'),
('MEC012', 'REP012', 0.17, 0.05, 0.5, 0.02, '13:20:00'),
('MEC013', 'REP013', 0.19, 0.08, 0.6, 0.03, '10:45:00'),
('MEC014', 'REP014', 0.24, 0.13, 0.7, 0.04, '15:00:00'),
('MEC015', 'REP015', 0.31, 0.16, 0.85, 0.05, '11:30:00'),
('MEC016', 'REP016', 0.14, 0.04, 0.4, 0.01, '14:45:00'),
('MEC017', 'REP017', 0.42, 0.22, 1.1, 0.09, '17:45:00'),
('MEC018', 'REP018', 0.26, 0.12, 0.75, 0.04, '08:15:00'),
('MEC019', 'REP019', 0.33, 0.17, 0.95, 0.06, '12:30:00'),
('MEC020', 'REP020', 0.16, 0.03, 0.35, 0.02, '16:00:00'),
('MEC021', 'REP021', 0.29, 0.14, 0.8, 0.05, '09:30:00'),
('MEC022', 'REP022', 0.21, 0.07, 0.55, 0.03, '13:45:00'),
('MEC023', 'REP023', 0.37, 0.19, 1.05, 0.07, '16:20:00'),
('MEC024', 'REP024', 0.23, 0.1, 0.65, 0.04, '10:10:00'),
('MEC025', 'REP025', 0.27, 0.11, 0.7, 0.04, '14:30:00'),
('MEC026', 'REP026', 0.13, 0.02, 0.3, 0.01, '11:00:00'),
('MEC027', 'REP027', 0.45, 0.25, 1.2, 0.10, '17:30:00'),
('MEC028', 'REP028', 0.18, 0.05, 0.45, 0.02, '08:50:00'),
('MEC029', 'REP029', 0.39, 0.21, 1.0, 0.08, '13:00:00'),
('MEC030', 'REP030', 0.15, 0.08, 0.4, 0.01, '15:20:00');

-- 12. 插入MTEC表数据（30条）
INSERT INTO MTEC (MTEC, ExperimentCode, PhotoPath, Is_solid, Time3) VALUES
('MTEC001', 'REP001', '/photos/exp1.jpg', TRUE, '10:00:00'),
('MTEC002', 'REP002', '/photos/exp2.jpg', FALSE, '11:00:00'),
('MTEC003', 'REP003', '/photos/exp3.jpg', TRUE, '09:15:00'),
('MTEC004', 'REP004', '/photos/exp4.jpg', FALSE, '14:30:00'),
('MTEC005', 'REP005', '/photos/exp5.jpg', TRUE, '16:00:00'),
('MTEC006', 'REP006', '/photos/exp6.jpg', FALSE, '12:15:00'),
('MTEC007', 'REP007', '/photos/exp7.jpg', TRUE, '17:30:00'),
('MTEC008', 'REP008', '/photos/exp8.jpg', FALSE, '09:00:00'),
('MTEC009', 'REP009', '/photos/exp9.jpg', TRUE, '11:45:00'),
('MTEC010', 'REP010', '/photos/exp10.jpg', FALSE, '16:45:00'),
('MTEC011', 'REP011', '/photos/exp11.jpg', TRUE, '09:45:00'),
('MTEC012', 'REP012', '/photos/exp12.jpg', FALSE, '13:45:00'),
('MTEC013', 'REP013', '/photos/exp13.jpg', TRUE, '11:00:00'),
('MTEC014', 'REP014', '/photos/exp14.jpg', FALSE, '15:15:00'),
('MTEC015', 'REP015', '/photos/exp15.jpg', TRUE, '12:00:00'),
('MTEC016', 'REP016', '/photos/exp16.jpg', FALSE, '15:30:00'),
('MTEC017', 'REP017', '/photos/exp17.jpg', TRUE, '18:00:00'),
('MTEC018', 'REP018', '/photos/exp18.jpg', FALSE, '08:30:00'),
('MTEC019', 'REP019', '/photos/exp19.jpg', TRUE, '13:15:00'),
('MTEC020', 'REP020', '/photos/exp20.jpg', FALSE, '16:30:00'),
('MTEC021', 'REP021', '/photos/exp21.jpg', TRUE, '10:15:00'),
('MTEC022', 'REP022', '/photos/exp22.jpg', FALSE, '14:00:00'),
('MTEC023', 'REP023', '/photos/exp23.jpg', TRUE, '16:45:00'),
('MTEC024', 'REP024', '/photos/exp24.jpg', FALSE, '10:40:00'),
('MTEC025', 'REP025', '/photos/exp25.jpg', TRUE, '15:00:00'),
('MTEC026', 'REP026', '/photos/exp26.jpg', FALSE, '11:30:00'),
('MTEC027', 'REP027', '/photos/exp27.jpg', TRUE, '17:15:00'),
('MTEC028', 'REP028', '/photos/exp28.jpg', FALSE, '09:20:00'),
('MTEC029', 'REP029', '/photos/exp29.jpg', TRUE, '13:45:00'),
('MTEC030', 'REP030', '/photos/exp30.jpg', TRUE, '16:00:00');

-- 13. 插入DevExp表数据（30条）
INSERT INTO DevExp (DevExpNo, DeviceNo, ExperimentNO) VALUES
('DEVEXP001', 'DEV001', 'EXP001'),
('DEVEXP002', 'DEV002', 'EXP002'),
('DEVEXP003', 'DEV003', 'EXP003'),
('DEVEXP004', 'DEV004', 'EXP004'),
('DEVEXP005', 'DEV005', 'EXP005'),
('DEVEXP006', 'DEV006', 'EXP006'),
('DEVEXP007', 'DEV007', 'EXP007'),
('DEVEXP008', 'DEV008', 'EXP008'),
('DEVEXP009', 'DEV009', 'EXP009'),
('DEVEXP010', 'DEV010', 'EXP010'),
('DEVEXP011', 'DEV011', 'EXP011'),
('DEVEXP012', 'DEV012', 'EXP012'),
('DEVEXP013', 'DEV013', 'EXP013'),
('DEVEXP014', 'DEV014', 'EXP014'),
('DEVEXP015', 'DEV015', 'EXP015'),
('DEVEXP016', 'DEV016', 'EXP016'),
('DEVEXP017', 'DEV017', 'EXP017'),
('DEVEXP018', 'DEV018', 'EXP018'),
('DEVEXP019', 'DEV019', 'EXP019'),
('DEVEXP020', 'DEV020', 'EXP020'),
('DEVEXP021', 'DEV021', 'EXP021'),
('DEVEXP022', 'DEV022', 'EXP022'),
('DEVEXP023', 'DEV023', 'EXP023'),
('DEVEXP024', 'DEV024', 'EXP024'),
('DEVEXP025', 'DEV025', 'EXP025'),
('DEVEXP026', 'DEV026', 'EXP026'),
('DEVEXP027', 'DEV027', 'EXP027'),
('DEVEXP028', 'DEV028', 'EXP028'),
('DEVEXP029', 'DEV029', 'EXP029'),
('DEVEXP030', 'DEV030', 'EXP030');